id,value
flare,
flare.analytics,
flare.analytics.cluster,3938
flare.analytics.graph,
flare.analytics.graph.BetweennessCentrality,3534
flare.analytics.graph.LinkDistance,5731
flare.analytics.graph.MaxFlowMinCut,7840
flare.analytics.optimization,
flare.analytics.optimization.AspectRatioBanker,7074
flare.animate,
flare.animate.Easing,17010
flare.animate.FunctionSequence,5842
flare.animate.interpolate,
flare.animate.interpolate.ArrayInterpolator,1983
flare.animate.interpolate.ColorInterpolator,2047
flare.animate.interpolate.DateInterpolator,1375
flare.animate.Parallel,5176
flare.animate.Pause,449
flare.animate.Scheduler,5593
flare.animate.Tween,6006